Region,mean,max,min
Haryana,27.476999999999997,43.22,19.68
Tripura,25.055,41.23,11.57
Jharkhand,19.538999999999998,59.23,7.63
Bihar,19.471,46.64,9.82
Delhi,18.414,42.27,6.27
Puducherry,17.942,75.85,0.58
Jammu & Kashmir,16.477777777777778,21.08,10.88
Himachal Pradesh,16.065,26.95,2.2
Rajasthan,15.868,24.15,10.97
Tamil Nadu,12.187,49.83,1.57
Goa,12.167,21.25,2.81
Punjab,11.981,28.33,2.86
Uttarakhand,11.156,22.26,4.99
West Bengal,10.192,17.41,4.92
Sikkim,9.7925,24.51,0.88
Uttar Pradesh,9.737,21.54,3.75
Kerala,9.434000000000001,17.88,3.88
Andhra Pradesh,8.664,20.51,3.31
Maharashtra,7.979000000000001,20.9,3.89
Chhattisgarh,7.819,14.23,1.96
Karnataka,7.667999999999999,29.84,0.5
Madhya Pradesh,6.854000000000001,21.98,2.22
Telangana,6.833,14.7,2.86
Odisha,6.462000000000001,23.76,1.42
Gujarat,6.3759999999999994,18.71,1.84
Assam,4.856,11.06,0.6
Meghalaya,3.8659999999999997,10.03,1.15
